Ocean Acidification,,,,,,,,,,,
Omega Aragonite,,,,,,,,,,,
Month,California Current,Gulf of Alaska,Aleutian Islands,Eastern Bering Sea,Beaufort Sea,Northern Bering & Chukchi Seas,Northeast,Southeast,Gulf of Mexico,Caribbean,Pacific Islands
1/1/1998,2.303783606,1.53828313,1.429555053,1.353523303,1.50839956,1.207199095,2.180737252,3.57367044,3.388746704,3.846363592,3.680652039
2/1/1998,2.297671125,1.544775087,1.379377663,1.358163319,1.528546642,1.286608855,2.059500363,3.459367315,3.303259154,3.932383615,3.686821641
3/1/1998,2.267787305,1.520431259,1.389727438,1.340934832,1.560918074,1.283072972,2.056446657,3.459423362,3.301546507,3.960846859,3.710410668
4/1/1998,2.270370383,1.553984878,1.386952004,1.353496853,1.582470725,1.430382678,2.236386062,3.643281955,3.551855228,3.999575841,3.714529465
5/1/1998,2.3196469,1.726568516,1.45255982,1.390609615,1.668445772,1.362205542,2.539729735,3.770661706,3.784265288,3.998481022,3.728007242
6/1/1998,2.399019347,2.091674281,1.612783986,1.703500654,1.35169314,1.481498499,2.815127022,3.979690709,4.06921806,4.029747645,3.794231967
7/1/1998,2.430278808,2.328667322,1.869377931,2.030627864,1.404932706,1.796246312,3.015919501,3.990345642,4.203959661,3.939161392,3.764176739
8/1/1998,2.511122282,2.396635897,2.020970617,2.118517491,1.601103735,1.742999725,3.076928972,3.974743949,4.173625169,3.913963654,3.777936649
9/1/1998,2.480916246,2.224714295,1.961437804,1.92276768,1.56739508,1.626644472,2.948149423,3.894814792,3.979499318,3.866800811,3.784640128
10/1/1998,2.426804221,2.035228224,1.840103218,1.799209293,1.430834797,1.529112128,2.742485891,3.8372702,3.880158921,3.855410883,3.760759813
11/1/1998,2.342650219,1.805353118,1.6690092,1.530165057,1.423905396,1.317146954,2.499495998,3.704897892,3.672716285,3.786505308,3.750072943
12/1/1998,2.19182047,1.62299337,1.484004418,1.365699013,1.41376262,1.099507044,2.400327662,3.741262542,3.569559085,3.710645229,3.703910632
1/1/1999,2.118923355,1.534130263,1.405106557,1.353815969,1.483842928,1.129779155,2.277964717,3.653992609,3.422264816,3.729107629,3.63707619
2/1/1999,2.109789953,1.465840252,1.361863589,1.354028723,1.476536097,1.16758825,2.201925446,3.602856377,3.42888704,3.78213487,3.655639269
3/1/1999,2.0899805,1.424074579,1.340645277,1.313091055,1.499033787,1.200542234,2.188312193,3.590666304,3.458717451,3.869583449,3.665107015
4/1/1999,2.095375099,1.460483854,1.361661516,1.337155685,1.58686348,1.396320214,2.385357447,3.690542244,3.647857048,3.935565103,3.685421778
5/1/1999,2.123023891,1.586460765,1.432765467,1.361434095,1.605701625,1.386478593,2.698567404,3.76760054,3.806102583,3.955926089,3.731420466
6/1/1999,2.221787951,1.985572839,1.596782661,1.740130652,1.441208598,1.526689148,3.020026386,3.898933919,4.055454915,3.969835205,3.794949587
7/1/1999,2.343432922,2.195559567,1.798469767,1.984657887,1.368406907,1.865854735,3.221375812,3.989408841,4.125574417,3.897377235,3.765668674
8/1/1999,2.479866301,2.327298075,1.900538939,1.988905268,1.483529329,1.82681981,3.220198151,3.983401912,4.127205268,3.875743027,3.775864833
9/1/1999,2.435403315,2.197345579,1.937114257,1.951970983,1.362660833,1.742798096,3.136518387,3.826976135,4.015642465,3.881630987,3.810370435
10/1/1999,2.396381688,1.973824255,1.830112449,1.830840598,1.205800344,1.522128704,2.949922918,3.762752156,3.826627332,3.806867502,3.801811813
11/1/1999,2.323529432,1.711723202,1.624007665,1.505347959,1.435279404,1.229776951,2.763019642,3.656569227,3.680883441,3.738702588,3.73950925
12/1/1999,2.209418227,1.560397394,1.452637271,1.351540293,1.489774042,1.144337069,2.628027537,3.659150933,3.488829884,3.71703078,3.705547493
1/1/2000,2.145104757,1.463641494,1.377868918,1.309137825,1.513391249,1.176564563,2.410231979,3.576660134,3.395719952,3.733362288,3.650499983
2/1/2000,2.166309348,1.42381168,1.310902212,1.273035202,1.558603593,1.209866646,2.277116756,3.499078909,3.327681691,3.767464056,3.647695768
3/1/2000,2.154747322,1.410323816,1.344295274,1.305979536,1.599152974,1.268238753,2.341516287,3.619456924,3.51599957,3.818679545,3.66308578
4/1/2000,2.219644694,1.447392353,1.354095267,1.292642128,1.648946061,1.437130829,2.470378197,3.667833699,3.598681709,3.942748729,3.673591783
5/1/2000,2.26079246,1.681032117,1.4451654,1.408711213,1.633742025,1.411499538,2.730745697,3.816541529,3.831394779,3.936041956,3.732815772
6/1/2000,2.323508825,2.125474095,1.628652295,1.795882912,1.493654669,1.57845129,3.011247793,3.982861624,4.038851502,3.851946749,3.807687508
7/1/2000,2.404819324,2.247274701,1.862466786,1.956802355,1.322076182,1.903999954,3.214866488,3.942758434,4.127376137,3.770217085,3.774998705
8/1/2000,2.454310768,2.318547678,2.052639883,2.074015531,1.364922975,1.864794236,3.205293892,3.995684533,4.113149005,3.800268923,3.793953366
9/1/2000,2.472715217,2.183645918,2.034595622,1.972539363,1.326069459,1.687404541,3.090743906,3.903444538,4.021164971,3.800730495,3.827129438
10/1/2000,2.39918045,1.981595303,1.875044613,1.790760124,1.261238509,1.538897875,2.874125845,3.766306768,3.888868237,3.771082466,3.788533363
11/1/2000,2.26597128,1.750820626,1.649540023,1.564418553,1.47234301,1.37142348,2.596747611,3.650101751,3.69645497,3.777647194,3.755699378
12/1/2000,2.225239242,1.607838608,1.475530349,1.398833444,1.469835382,1.188855128,2.426519487,3.700584291,3.455719067,3.728024748,3.70873625
1/1/2001,2.157186151,1.520657545,1.377115542,1.37163992,1.479167086,1.176966645,2.234519014,3.551177518,3.337829833,3.727624597,3.674693102
2/1/2001,2.141227106,1.481407573,1.366039623,1.352607475,1.548024482,1.193779514,2.194131711,3.494870899,3.379833119,3.782528654,3.636733369
3/1/2001,2.126649448,1.46312059,1.358197516,1.279942832,1.502428198,1.237220761,2.21624874,3.534748285,3.472181795,3.860331571,3.663812732
4/1/2001,2.150569097,1.484372327,1.382455183,1.328471686,1.65489944,1.414166514,2.337717853,3.62745416,3.600171172,3.926493897,3.697222841
5/1/2001,2.210494312,1.636977858,1.472468318,1.389745018,1.608636669,1.416635431,2.65984258,3.768838363,3.781021945,3.904569018,3.766158643
6/1/2001,2.32482509,1.965475932,1.676486007,1.843738041,1.367723371,1.750965153,3.042395295,3.947964794,4.022608952,3.925859331,3.82700081
7/1/2001,2.398990487,2.21833506,1.877831581,1.979416112,1.337315983,1.966929269,3.163641779,3.95185497,4.119867141,3.910881489,3.83720185
8/1/2001,2.457985894,2.367727421,2.030854991,2.109571502,1.177046633,1.888878547,3.173506634,3.965731094,4.081606561,3.87116677,3.824818454
9/1/2001,2.439266482,2.171862054,1.971043974,1.954245723,1.128509327,1.753285932,3.114644067,3.881544839,4.023360361,3.877756662,3.858778882
10/1/2001,2.398966193,1.96284757,1.827362257,1.762991244,1.028676647,1.590373162,2.891370407,3.740841776,3.811520061,3.816765062,3.825706962
11/1/2001,2.314229318,1.696378446,1.63674444,1.543712957,1.383058024,1.287150847,2.691962451,3.616588226,3.651702628,3.780959807,3.798309552
12/1/2001,2.182746859,1.550695558,1.499862318,1.395557682,1.426421881,1.21143953,2.559715649,3.660384686,3.554497491,3.784676302,3.738880794
1/1/2002,2.123350568,1.488253114,1.388334991,1.351147406,1.465427759,1.224132414,2.390571268,3.57094295,3.405009287,3.829389888,3.720352158
2/1/2002,2.101875104,1.443961787,1.353326626,1.32157784,1.427987458,1.292786732,2.290032667,3.542585315,3.376457042,3.89332011,3.684884099
3/1/2002,2.098206391,1.408921441,1.339080023,1.283044427,1.458953057,1.275528309,2.284198357,3.569497832,3.451566119,3.949071453,3.68398533
4/1/2002,2.156047106,1.446993679,1.363691156,1.318964516,1.666127948,1.423437779,2.478288825,3.738640971,3.684548923,4.00546732,3.711258242
5/1/2002,2.162851135,1.686256129,1.453409439,1.415225818,1.69161371,1.415859067,2.691333669,3.823635042,3.866592859,3.934905791,3.760923619
6/1/2002,2.265601406,1.971750133,1.637771386,1.960964931,1.373591036,1.749554511,3.037357418,3.895480181,3.984370056,3.941903973,3.866985591
7/1/2002,2.379449932,2.210132294,1.869960253,2.011181095,1.427185715,1.97231412,3.250820563,3.945829237,4.115141722,3.884451771,3.849819507
8/1/2002,2.407795112,2.317476454,2.014862649,2.171626296,1.214093748,1.997959013,3.312006595,3.987322412,4.087578699,3.898903792,3.855890296
9/1/2002,2.440689508,2.214914105,1.989775919,2.024714167,1.291070661,1.84460636,3.163732438,3.926576603,3.974672719,3.886651835,3.876160731
10/1/2002,2.379865486,2.027837733,1.831571457,1.860682062,1.21230967,1.67120094,2.984052457,3.837222218,3.880019355,3.874441796,3.840004118
11/1/2002,2.325098217,1.825374987,1.673675227,1.594397246,1.434102149,1.320138021,2.679044197,3.701317633,3.691364682,3.8577986,3.799463039
12/1/2002,2.279375574,1.696959433,1.495790646,1.439788103,1.38435294,1.20304189,2.441114958,3.668683676,3.398763089,3.796710645,3.748626188
1/1/2003,2.224246687,1.588249527,1.39657629,1.383354724,1.411394793,1.181826661,2.213584269,3.549016112,3.202935658,3.814462519,3.713465719
2/1/2003,2.233305243,1.548251944,1.390593533,1.359472494,1.442054051,1.225849836,2.12360046,3.509816606,3.276683151,3.877460322,3.679582705
3/1/2003,2.218967587,1.506236956,1.393315921,1.305891143,1.4414587,1.205302899,2.181737929,3.581215252,3.437180447,3.914900074,3.686935399
4/1/2003,2.219793573,1.532449234,1.394962841,1.357833086,1.628655158,1.386616375,2.287863919,3.638607713,3.575886841,3.95242152,3.691950061
5/1/2003,2.251841521,1.721380701,1.480731719,1.429607345,1.633065849,1.409574426,2.595964363,3.788188422,3.871365861,3.971320558,3.717068949
6/1/2003,2.302158055,2.02582954,1.644264032,1.916942903,1.489067872,1.812789968,2.876135083,3.919544932,4.009273861,3.927029897,3.812626066
7/1/2003,2.394201393,2.288882062,1.922786473,2.076604583,1.477585432,2.046005193,3.170219157,3.967987302,4.080996906,3.857501036,3.796358409
8/1/2003,2.497258693,2.369863294,2.067511388,2.21025851,1.478876888,2.014782259,3.112794473,3.932953427,4.089706562,3.843614515,3.798768501
9/1/2003,2.448376291,2.257332307,2.012678079,2.114659835,1.354779417,1.889711122,3.078787996,3.892453798,3.990697405,3.870140319,3.857037022
10/1/2003,2.405448636,2.033900682,1.903031022,1.890720881,1.18063036,1.687227596,2.836476341,3.820734171,3.856214729,3.877176426,3.82307395
11/1/2003,2.304693403,1.796281856,1.690935515,1.616224199,1.398908149,1.404808793,2.622418799,3.741444653,3.727432483,3.812929982,3.759542507
12/1/2003,2.206042784,1.616942955,1.52636873,1.43444154,1.407541514,1.25110753,2.389560172,3.667081998,3.451476249,3.781362061,3.71436873
1/1/2004,2.134822265,1.509846226,1.413583269,1.379451421,1.466359103,1.178017677,2.20989251,3.612487606,3.352545859,3.812808855,3.70508449
2/1/2004,2.129755121,1.473309209,1.327705397,1.349925685,1.483285296,1.301725064,2.151415801,3.539963034,3.298785586,3.879136762,3.652157126
3/1/2004,2.131763353,1.448763294,1.367117996,1.291982879,1.495999918,1.30716708,2.140198697,3.560918076,3.389706741,3.92564561,3.65074824
4/1/2004,2.211797545,1.491222369,1.38991765,1.340990691,1.66195819,1.49002463,2.301683643,3.637193231,3.556156527,4.005672815,3.703531246
5/1/2004,2.303840226,1.704066063,1.453014645,1.428394927,1.713905555,1.4912654,2.660726959,3.822052707,3.747955491,3.934359901,3.738770947
6/1/2004,2.320498808,2.034162005,1.632029411,2.025941378,1.534956515,1.872818641,2.978895494,3.979717853,4.082680433,3.950768398,3.761567154
7/1/2004,2.411248567,2.3516284,1.82883682,2.094321301,1.634594222,2.109923253,3.128395706,3.969298152,4.156390877,3.909402092,3.787637602
8/1/2004,2.47784464,2.467125759,1.98888392,2.172540036,1.591786426,2.071918045,3.053667904,3.921718928,4.105202375,3.917451756,3.80083825
9/1/2004,2.480634784,2.277121598,2.004727559,2.087159656,1.493029733,1.913803197,3.049826358,3.845021301,3.999573121,3.874535746,3.843330069
10/1/2004,2.396945884,2.016885842,1.811149873,1.84895097,1.198340179,1.623739936,2.780295306,3.77256867,3.87532721,3.890598178,3.798794815
11/1/2004,2.285743399,1.716819418,1.619951689,1.532213167,1.384929144,1.31192715,2.519028006,3.678466521,3.750861816,3.77740635,3.769606127
12/1/2004,2.191464339,1.575510368,1.470758539,1.381439679,1.418294431,1.19273575,2.394841182,3.669032361,3.514825819,3.76198505,3.714951793
1/1/2005,2.164709197,1.499699801,1.409840602,1.352276173,1.448989242,1.161979948,2.243078185,3.584582985,3.378871299,3.747415167,3.674678764
2/1/2005,2.179765166,1.468052587,1.391339844,1.347085263,1.453262563,1.218395157,2.106715295,3.528893956,3.396967428,3.782154061,3.653223849
3/1/2005,2.216691221,1.468676066,1.375399041,1.304810632,1.474504546,1.221121091,2.084365204,3.525350407,3.468663947,3.93023914,3.63514853
4/1/2005,2.206809876,1.515279022,1.387061818,1.331299464,1.622764416,1.375358733,2.247299485,3.617405769,3.582325165,4.00688639,3.680701079
5/1/2005,2.334746315,1.790893055,1.466446176,1.424834319,1.633917459,1.342851006,2.491452767,3.716421441,3.783600508,3.999973532,3.721657079
6/1/2005,2.326591143,2.132093935,1.606516689,1.938643409,1.53188967,1.770857073,2.833793784,3.880831584,3.96968314,4.017612148,3.77824406
7/1/2005,2.369249412,2.384975141,1.859203244,2.088375765,1.625221295,2.048670685,3.099578085,4.014494084,4.072638009,3.960346491,3.775291737
8/1/2005,2.404646077,2.435056285,1.991365758,2.153103511,1.465797991,2.076203151,3.111807653,3.931558279,4.155108361,3.969400791,3.764389173
9/1/2005,2.410889505,2.278080669,2.004915233,2.032672418,1.307685259,1.864272823,3.02592066,3.800993882,3.99264209,3.975981866,3.780862879
10/1/2005,2.359734076,2.004944436,1.840476588,1.857397484,1.184120012,1.625704471,2.863633583,3.823332854,3.866775369,3.890845167,3.760380256
11/1/2005,2.294938202,1.734705301,1.69359168,1.571804522,1.40434462,1.294897286,2.591251769,3.645999964,3.66756071,3.83947083,3.739792158
12/1/2005,2.206956519,1.592304239,1.536397691,1.400430008,1.393940033,1.165546056,2.368551884,3.607585484,3.453688944,3.816264844,3.704725332
1/1/2006,2.179919431,1.527513353,1.431794166,1.341433347,1.408982038,1.135485193,2.263646174,3.536072901,3.420710269,3.844608926,3.643552583
2/1/2006,2.143950063,1.442359565,1.368614931,1.314392121,1.437784298,1.165379495,2.183468926,3.454471986,3.394302925,3.882969086,3.598402495
3/1/2006,2.098640953,1.430851723,1.35290887,1.279249532,1.466172012,1.17962158,2.179678491,3.490263802,3.494613738,3.922869513,3.594878606
4/1/2006,2.148702015,1.469166081,1.37178961,1.310476897,1.628169548,1.398418996,2.432989788,3.641027643,3.662420037,3.974790177,3.662165471
5/1/2006,2.209999455,1.635768294,1.438248794,1.343754102,1.632536359,1.330359794,2.689795823,3.7474484,3.824152389,4.005098124,3.668810905
6/1/2006,2.331317403,2.034068212,1.648524841,1.921691469,1.465944244,1.694345524,2.933097995,3.922882348,4.007361984,4.021116568,3.741859864
7/1/2006,2.379014264,2.236185302,1.839615143,1.992767748,1.308981948,1.910582088,3.141910805,3.988837123,4.144733755,3.936342558,3.758938533
8/1/2006,2.423989256,2.282513896,2.037792698,2.070056653,1.291194742,1.8999239,3.155259438,3.968721826,4.147545641,3.860912471,3.747385479
9/1/2006,2.388177477,2.182453767,1.999174225,2.026220815,1.220178186,1.785037616,2.928721366,3.887331561,4.057407686,3.893696156,3.79169328
10/1/2006,2.376628722,1.98429894,1.814524165,1.815369853,1.195871368,1.619206314,2.844905554,3.834217093,3.869595311,3.841777983,3.784519095
11/1/2006,2.302538841,1.715566358,1.680321513,1.55715167,1.37553133,1.286438098,2.610773215,3.640595495,3.631373518,3.808395999,3.775614203
12/1/2006,2.202743772,1.548911457,1.507862631,1.3829674,1.381117105,1.184502137,2.48050138,3.670970606,3.474657164,3.768087134,3.711861627
1/1/2007,2.082724678,1.46432145,1.395794302,1.33581148,1.392741881,1.141371512,2.418982378,3.622680262,3.403063044,3.781025383,3.66641041
2/1/2007,2.103923103,1.434425196,1.364923341,1.322988903,1.439351812,1.184459947,2.219365781,3.524097689,3.351419452,3.862608475,3.630089645
3/1/2007,2.090691168,1.381687409,1.35391779,1.255651339,1.426163799,1.236311313,2.161829374,3.586126517,3.444807408,3.901470551,3.626444797
4/1/2007,2.107678391,1.426761909,1.358029136,1.294386563,1.675680946,1.42205417,2.29000033,3.685549254,3.606876123,3.951131725,3.664385943
5/1/2007,2.162606917,1.60485711,1.449829649,1.347327599,1.627473162,1.375743654,2.588186273,3.766556942,3.755975898,4.006140082,3.682802293
6/1/2007,2.277942081,1.905191565,1.665749574,1.799420153,1.538857164,1.800509612,2.857398204,3.895817646,3.948979032,3.985234668,3.749858843
7/1/2007,2.435224521,2.190273038,1.903511466,1.97245618,1.728843326,2.172697679,3.06146971,3.947481431,4.121910045,3.910979726,3.756422075
8/1/2007,2.457645003,2.345316377,1.986647566,2.108990063,1.712251038,2.220537422,3.119701061,4.015442133,4.088541123,3.867315383,3.754238667
9/1/2007,2.443643874,2.215995669,1.949739048,1.985680538,1.574597046,2.05964363,3.035798103,3.954822783,4.056006704,3.891652479,3.767245361
10/1/2007,2.361917353,1.94544037,1.76903488,1.773534305,1.151706595,1.636851062,2.848223916,3.839862964,3.879036702,3.847554788,3.723630237
11/1/2007,2.259658354,1.709334401,1.596023552,1.499007244,1.409748134,1.297384984,2.498867525,3.662091322,3.683695152,3.81167586,3.695875405
12/1/2007,2.118130217,1.558214368,1.453592016,1.355691461,1.405384255,1.127304081,2.321085523,3.670900868,3.553388135,3.799130404,3.65017168
1/1/2008,2.035391913,1.456234954,1.395956814,1.322628611,1.426445622,1.160760868,2.247900623,3.565112437,3.364431607,3.805295923,3.593077524
2/1/2008,2.017770451,1.412921596,1.344510603,1.305326051,1.362745989,1.194266011,2.225269339,3.573148735,3.440721304,3.860626905,3.578453017
3/1/2008,2.022963525,1.39437494,1.330145303,1.25578881,1.422318971,1.222011451,2.283698965,3.560499329,3.447395995,3.894879692,3.613828045
4/1/2008,2.029594065,1.410481269,1.368359588,1.280576457,1.548278571,1.359249689,2.470074179,3.648044995,3.640458246,3.926184462,3.625279713
5/1/2008,2.104974631,1.528791832,1.452791668,1.339667586,1.542712365,1.361029048,2.673174142,3.736291966,3.794328424,3.962945409,3.681136623
6/1/2008,2.186925663,1.88059756,1.636270551,1.795014633,1.38169718,1.70998602,2.9472724,3.924986654,4.050839671,3.96778046,3.709976482
7/1/2008,2.332468387,2.126798452,1.884346275,1.919051837,1.405424454,1.893772667,3.130760327,3.885535569,4.046255783,3.921896079,3.731759631
8/1/2008,2.425669977,2.267781567,2.077656506,2.108748069,1.604758182,1.908652159,3.074529494,3.901903337,4.029467241,3.868599671,3.702700754
9/1/2008,2.395777955,2.138664163,2.049774956,2.04476518,1.35533776,1.942356376,3.022841294,3.871229836,3.909006915,3.813081882,3.746432795
10/1/2008,2.355734258,1.936648404,1.905607163,1.825583846,1.090310621,1.613183348,2.868811134,3.738134132,3.827140297,3.730552976,3.742668035
11/1/2008,2.27804896,1.698595856,1.63516991,1.529786014,1.388815743,1.212403277,2.638592225,3.590510091,3.610799535,3.686801265,3.710794471
12/1/2008,2.163441061,1.530152881,1.485699869,1.345403471,1.345176133,1.123175892,2.463219962,3.593798133,3.43650123,3.654824926,3.659299478
1/1/2009,2.054924396,1.453526121,1.411846041,1.309733256,1.353183225,1.166991995,2.306341657,3.536061977,3.408830331,3.719159426,3.59678903
2/1/2009,2.050228528,1.379948234,1.372832273,1.308573643,1.390304634,1.224081571,2.179014124,3.398216915,3.293317405,3.829436218,3.567148758
3/1/2009,2.054827975,1.367987697,1.371799298,1.267519766,1.474684813,1.247855672,2.232874034,3.462296287,3.474432107,3.874622562,3.59027528
4/1/2009,2.068042886,1.396910397,1.368774159,1.290953595,1.558414053,1.437919812,2.373346674,3.605507019,3.58760863,3.957242093,3.645973155
5/1/2009,2.131761378,1.643643749,1.494185281,1.373867047,1.583840704,1.306463711,2.683728572,3.752840428,3.825313734,3.884151662,3.708105894
6/1/2009,2.319534017,1.961729987,1.601650066,1.850435065,1.454839973,1.644664967,2.999809332,3.88984227,3.971844664,3.91689366,3.784694522
7/1/2009,2.34112083,2.188000352,1.783626142,1.892323415,1.578376614,1.856129214,3.070798919,3.883264178,4.101535662,3.937517076,3.812760411
8/1/2009,2.428663071,2.223983456,1.975946005,2.06434452,1.493235145,1.913865814,3.129551633,3.944008385,4.138647708,3.89273754,3.805548742
9/1/2009,2.456953735,2.12376657,1.9287338,1.944316991,1.327565281,1.857265972,3.048150345,3.880744801,4.047001449,3.887491413,3.802223959
10/1/2009,2.355193306,1.949465764,1.802496527,1.791416137,1.119084006,1.525184509,2.820010404,3.792833014,3.902335558,3.862624472,3.802937761
11/1/2009,2.275503634,1.677938632,1.621454636,1.51423425,1.338473823,1.232045576,2.689850032,3.650302942,3.626009005,3.819224273,3.760057697
12/1/2009,2.146738078,1.54695273,1.470512712,1.356808012,1.295402686,1.147076989,2.500622075,3.614130549,3.37956075,3.7857616,3.72591805
1/1/2010,2.104985986,1.509837194,1.411690765,1.348173353,1.300699895,1.186133495,2.240522932,3.492403725,3.27505014,3.769394078,3.676394736
2/1/2010,2.141535865,1.4666451,1.367830983,1.319755147,1.306126549,1.251642857,2.1366124,3.442208136,3.2318472,3.812217288,3.641256582
3/1/2010,2.153575143,1.432457415,1.350958954,1.276959325,1.289009575,1.27843416,2.119732171,3.441065791,3.253142704,3.849471657,3.641068774
4/1/2010,2.171004598,1.452385486,1.351380456,1.295020785,1.456222829,1.469135791,2.379036934,3.604875108,3.559127705,3.893033645,3.67337329
5/1/2010,2.168082889,1.635987315,1.432706802,1.362240976,1.576973167,1.396138767,2.615029215,3.754330784,3.842619982,3.935422844,3.702278287
6/1/2010,2.222156594,1.909199789,1.6066342,1.682487967,1.564038711,1.691020199,2.976605475,3.916464704,4.0509669,3.930453216,3.746818314
7/1/2010,2.259934674,2.068859504,1.804588074,1.932106654,1.499292251,1.985252419,3.15626688,3.958080742,4.057809995,3.889488618,3.741039922
8/1/2010,2.320228416,2.218984126,1.971858207,2.052429594,1.733578885,2.046006522,3.145961403,3.968224721,4.099101132,3.842434734,3.704414231
9/1/2010,2.375155719,2.201655986,1.952310915,1.995650614,1.42315644,1.94590141,3.003255934,3.888096556,3.996755247,3.815254691,3.713982898
10/1/2010,2.330029818,1.963976349,1.782893849,1.816277309,1.11332306,1.508655138,2.820607504,3.787255293,3.788983781,3.779778949,3.70412405
11/1/2010,2.257599226,1.739513587,1.625346839,1.530221472,1.219842047,1.2157367,2.593053449,3.654033583,3.67082464,3.692472269,3.673294027
12/1/2010,2.135528883,1.575657255,1.503821761,1.352965849,1.306648835,1.162124106,2.339316084,3.473141303,3.34257301,3.682981922,3.643573887
1/1/2011,2.029958372,1.494171464,1.43336167,1.331204833,1.279117886,1.172565487,2.166941855,3.442580595,3.279756415,3.697022166,3.600214205
2/1/2011,2.024723682,1.422036845,1.406959171,1.313475057,1.317450442,1.214233614,2.147966634,3.40372677,3.238175626,3.765235519,3.549877057
3/1/2011,2.016641628,1.405734208,1.385720936,1.287574426,1.365261408,1.228357875,2.181232662,3.485088394,3.433678046,3.795871037,3.59345986
4/1/2011,2.027025025,1.447759331,1.399427337,1.313769276,1.555076463,1.432795943,2.351965681,3.647585043,3.687855915,3.8866769,3.623402856
5/1/2011,2.105069093,1.617123872,1.461359451,1.368666434,1.573958642,1.401198818,2.722043216,3.778034271,3.839325772,3.843963637,3.681038219
6/1/2011,2.176817982,1.957033803,1.61281674,1.715009988,1.435591758,1.688279951,2.975741346,3.847091855,4.065724836,3.89670014,3.730951902
7/1/2011,2.291340758,2.133579007,1.826889533,1.887396252,1.644178026,1.852800344,3.106324492,3.847598025,4.120697922,3.866345672,3.720364102
8/1/2011,2.365217684,2.262216734,2.014614923,2.059190076,1.574652033,1.919672943,3.085485861,3.928327742,4.157068356,3.838114769,3.70547965
9/1/2011,2.395099238,2.115668231,1.982771797,1.955732332,1.373870274,1.853960071,3.033446925,3.876112419,4.013157617,3.805725058,3.72390054
10/1/2011,2.348171618,1.916326244,1.831431019,1.819347255,1.028450012,1.451455037,2.856324534,3.721613188,3.804615004,3.791440774,3.709806805
11/1/2011,2.223091385,1.656837176,1.660090697,1.50679881,1.287199528,1.171129718,2.626802383,3.593202921,3.664249786,3.719956732,3.67668834
12/1/2011,2.093547061,1.528504823,1.52677775,1.345447848,1.257979362,1.166923482,2.527766576,3.613763469,3.484894727,3.68777392,3.628491463
1/1/2012,2.056350629,1.420178044,1.399715609,1.304704893,1.313669361,1.152650634,2.407504385,3.507127849,3.446583901,3.713195696,3.598716567
2/1/2012,2.033324019,1.374762075,1.366629719,1.29897213,1.345520455,1.217878526,2.337498303,3.504992888,3.389068731,3.763130373,3.581322748
3/1/2012,1.984324732,1.342469638,1.331581933,1.250418087,1.447127439,1.261472817,2.420631013,3.576615596,3.535547888,3.826887224,3.566188851
4/1/2012,2.059671934,1.433837123,1.343941919,1.279956512,1.569411482,1.43587083,2.563554286,3.663926917,3.668941341,3.87738939,3.610795108
5/1/2012,2.089751312,1.553955998,1.393169431,1.313519399,1.553075269,1.416863622,2.854081026,3.786745674,3.856903176,3.855470872,3.676324081
6/1/2012,2.197739622,1.830924451,1.602569988,1.679875545,1.486524937,1.619668431,3.015434835,3.766703372,3.887071066,3.877697946,3.703720233
7/1/2012,2.274000456,2.059846486,1.827355882,1.876739742,1.516305623,2.039264176,3.217924584,3.865890345,3.998625596,3.854447865,3.692403499
8/1/2012,2.331216209,2.203716668,2.00415835,1.968033452,1.568521063,1.987248953,3.223869011,3.842256806,4.031278697,3.813354582,3.684297975
9/1/2012,2.344977801,2.098383258,1.941428308,1.873511841,1.366709949,1.850587596,3.192210619,3.841385783,3.956820337,3.800967829,3.718414732
10/1/2012,2.343791951,1.86401891,1.790366953,1.742802859,1.289588178,1.478450164,2.968665661,3.794869467,3.838677147,3.759984458,3.72614566
11/1/2012,2.281481669,1.671929485,1.645068433,1.492069678,1.436009284,1.199697003,2.686191034,3.526189796,3.621313904,3.754870988,3.704979576
12/1/2012,2.168873035,1.52804994,1.535651175,1.338615886,1.340040816,1.140244616,2.511603732,3.555343812,3.495455944,3.743719619,3.66127681
1/1/2013,2.045640633,1.46789393,1.397756378,1.325876322,1.382838724,1.235890459,2.411645276,3.518558274,3.448686486,3.762536324,3.576409557
2/1/2013,2.002272353,1.416170578,1.363457755,1.30901213,1.315507666,1.308125719,2.321854457,3.502408003,3.473271729,3.790665788,3.567111214
3/1/2013,2.001852164,1.39028233,1.331295221,1.256259922,1.435422243,1.328179944,2.274316918,3.500514041,3.43505646,3.837279827,3.565020685
4/1/2013,2.035529991,1.428822934,1.336701244,1.291414179,1.605791134,1.528718289,2.378137481,3.607205684,3.596163615,3.905290342,3.602152152
5/1/2013,2.138396528,1.569203689,1.395101187,1.348858052,1.632336446,1.492324121,2.710659191,3.720449727,3.712633072,3.905619341,3.645206034
6/1/2013,2.227288149,1.91505164,1.621961682,1.812251091,1.385300439,1.717143639,2.95101273,3.803427214,3.937895829,3.884618142,3.711799916
7/1/2013,2.294652768,2.185482057,1.884859439,1.93941904,1.499375963,2.008395814,3.186642962,3.814970364,3.981386136,3.866523514,3.735536343
8/1/2013,2.380614004,2.321999434,2.041275211,2.096637336,1.598486126,1.996546698,3.027643012,3.863044747,4.050272031,3.87131728,3.745516917
9/1/2013,2.441348889,2.178199551,1.9773374,1.970769434,1.241953954,1.7463465,3.037657164,3.84997245,3.969372083,3.865694322,3.766022819
10/1/2013,2.288529265,1.925560218,1.809830001,1.830068807,0.90272661,1.532381522,2.896956643,3.725161673,3.82397196,3.886086522,3.707755737
11/1/2013,2.206324755,1.696312155,1.665774283,1.538814426,1.369240408,1.218508038,2.67556742,3.616840063,3.669822973,3.768987656,3.685495299
12/1/2013,2.077535193,1.566633797,1.545273184,1.383501156,1.399780609,1.111002123,2.498798325,3.623411473,3.504618794,3.774709475,3.616383342
1/1/2014,2.067185425,1.500698096,1.443293055,1.348069148,1.369778165,1.177137261,2.304794034,3.498864438,3.315925738,3.780320305,3.553415015
2/1/2014,2.072882963,1.425849563,1.371027312,1.309944524,1.384232461,1.183044994,2.277838601,3.487619886,3.346033045,3.824373568,3.518463026
3/1/2014,2.132169227,1.424382579,1.374311135,1.277713661,1.370723466,1.22412352,2.310735008,3.476575107,3.395893018,3.877193845,3.554947834
4/1/2014,2.158395254,1.469125814,1.395796271,1.323547397,1.579668442,1.432129569,2.477510018,3.584411904,3.552829265,3.925823207,3.641413597
5/1/2014,2.269864249,1.704655572,1.458698556,1.432875187,1.590172808,1.367468477,2.859152442,3.748717699,3.706939865,3.916896102,3.656818929
6/1/2014,2.266732734,1.975742291,1.646746345,1.991977731,1.417532586,1.821565643,3.106309235,3.831980875,3.867787092,3.927400826,3.715574818
7/1/2014,2.396684275,2.263192878,1.970428985,2.057969505,1.411178747,2.135742779,3.224432117,3.930215984,4.089083455,3.86980333,3.721217863
8/1/2014,2.432502656,2.372124922,2.028898865,2.192084498,1.720820041,2.191356725,3.184325436,3.910560685,4.114752934,3.849679223,3.755347087
9/1/2014,2.460351265,2.295932744,2.016060135,2.122939601,1.365714456,1.912776583,3.17259085,3.898824877,4.017338105,3.798489726,3.791269521
10/1/2014,2.449683129,1.995496215,1.907149176,1.861961986,1.070038251,1.640221067,2.995083449,3.782303608,3.831586945,3.789025488,3.757194387
11/1/2014,2.348005778,1.756985915,1.69843276,1.610287494,1.373183668,1.271018199,2.720737694,3.553989989,3.638606035,3.800377793,3.708898168
12/1/2014,2.280243938,1.646899987,1.546037311,1.41392005,1.349732555,1.242497343,2.529062488,3.563676786,3.514516996,3.789320217,3.645703295
1/1/2015,2.197427929,1.562623179,1.440739792,1.379202329,1.385948654,1.216219826,2.404421218,3.451755407,3.44631076,3.825758891,3.584856189
2/1/2015,2.210673404,1.504188722,1.36888501,1.341588967,1.430335739,1.24995729,2.258716962,3.380072472,3.39112958,3.888293706,3.556758677
3/1/2015,2.219866669,1.48103233,1.350440634,1.281902541,1.383405709,1.236509601,2.29427167,3.442962712,3.520713344,3.893036909,3.551675816
4/1/2015,2.195364983,1.509873544,1.360188172,1.319608977,1.561474162,1.483027091,2.523171498,3.602832871,3.7237605,3.952530002,3.630974392
5/1/2015,2.189625151,1.710679189,1.425012133,1.434977471,1.585496633,1.445232948,2.895736982,3.70677965,3.858693217,3.941482375,3.660926543
6/1/2015,2.255443338,2.014366077,1.578586707,1.907599539,1.376807081,1.833667176,3.128367338,3.870586018,4.005774431,3.913961255,3.70204558
7/1/2015,2.448606568,2.178960753,1.775984446,1.980926407,1.682121656,2.076631396,3.281507574,3.885588636,4.099991733,3.847904124,3.736065984
8/1/2015,2.474664864,2.26805345,1.961623535,2.125038504,1.506433385,2.052813392,3.264384717,3.936123782,4.113302746,3.836271177,3.75192131
9/1/2015,2.458938788,2.157505893,2.039305221,2.080444257,1.212875407,1.794818951,3.212535237,3.889363964,4.014521897,3.899663538,3.773133453
10/1/2015,2.432908276,1.970273633,1.888183861,1.880400276,1.075936177,1.585010753,2.937345448,3.730442156,3.812797938,3.92176069,3.701364725
11/1/2015,2.311799948,1.726685171,1.643473134,1.563245694,1.28080471,1.307909535,2.794527973,3.639217651,3.711794124,3.869480169,3.689501273
12/1/2015,2.202301078,1.597230307,1.485138042,1.369962431,1.304237085,1.214670045,2.633711995,3.586303202,3.541502478,3.865742493,3.638687316
1/1/2016,2.137275981,1.539574609,1.372870188,1.337804168,1.322894345,1.225936777,2.413180602,3.454789555,3.435186803,3.868595627,3.604147963
2/1/2016,2.150092732,1.496177338,1.345559408,1.336687033,1.367255541,1.265958624,2.282440857,3.368190892,3.38214765,3.878661116,3.58429022
3/1/2016,2.168403307,1.488221292,1.321505447,1.269886987,1.445206918,1.259190986,2.365853961,3.432398354,3.503184887,3.893498222,3.571038962
4/1/2016,2.213057808,1.553256337,1.345841489,1.329510869,1.592287871,1.455579296,2.47922139,3.48604472,3.565244562,3.943194306,3.584708458
5/1/2016,2.205845227,1.75026136,1.437263928,1.47793447,1.639610918,1.450610189,2.709399362,3.686978184,3.813248626,3.953179314,3.61696222
6/1/2016,2.28158071,2.036690774,1.617893818,2.002866983,1.480528973,1.92739958,3.010384328,3.82161949,3.975227939,3.94763893,3.67668475
7/1/2016,2.30765269,2.241894942,1.84583418,2.112879138,1.345863208,2.155121672,3.233582534,3.966117858,4.154030413,3.991910396,3.68099818
8/1/2016,2.315561122,2.306325447,1.99620806,2.247103411,1.51444478,2.003267101,3.286301049,3.903994684,4.073725209,3.962304674,3.641995585
9/1/2016,2.35509432,2.237351285,1.991913524,2.121347327,1.189399628,1.750620472,3.168325014,3.842034004,4.025815461,3.967413617,3.661378608
10/1/2016,2.314295729,2.011272244,1.836995402,1.960775533,1.210670544,1.630530366,2.944393074,3.721684543,3.882400247,3.922949424,3.662364676
11/1/2016,2.308490624,1.764288008,1.614925203,1.620294907,1.271640549,1.32754661,2.70062792,3.580259777,3.711719666,3.848577334,3.620936185
12/1/2016,2.142716359,1.632082411,1.49004839,1.43400671,1.271682167,1.211194383,2.485329653,3.537801721,3.530387174,3.829482705,3.579252949
1/1/2017,2.069313672,1.540694112,1.36195847,1.36276445,1.307836183,1.13008278,2.359583913,3.522763578,3.475883624,3.815760577,3.537902988
2/1/2017,2.076184356,1.445861258,1.339805144,1.333492773,1.308712146,1.147606716,2.25994142,3.473465801,3.466659008,3.867436979,3.501473505
3/1/2017,2.108126549,1.403011492,1.339347137,1.269637196,1.443154231,1.159455488,2.23253933,3.403462752,3.503638206,3.896014374,3.525973592
4/1/2017,2.130949556,1.470500997,1.355664977,1.325302085,1.611071457,1.325628066,2.402462607,3.605335887,3.624074211,3.925498784,3.583785598
5/1/2017,2.158021165,1.67322845,1.406709712,1.419388437,1.489252018,1.412494398,2.611692627,3.728229027,3.756987749,3.921139965,3.604571842
6/1/2017,2.24766015,1.957491287,1.592833256,1.908538224,1.355704714,2.018080701,2.827805247,3.814998391,3.928919325,3.90010222,3.690716224
7/1/2017,2.304323935,2.163657342,1.800823012,1.972176757,1.758960605,2.229833438,3.115188321,3.903470177,4.107317866,3.889222449,3.692850769
8/1/2017,2.378708833,2.265031428,1.988332031,2.133896053,1.63243441,2.081878486,3.024654682,3.859752712,4.043057554,3.857424582,3.690211004
9/1/2017,2.426132463,2.10721221,1.967836957,2.016984718,1.212220101,1.826122037,2.936201776,3.796421619,3.93320011,3.852267074,3.701889487
10/1/2017,2.298738048,1.897763992,1.787602241,1.824105769,1.050052272,1.6308554,2.831305114,3.709228958,3.90963499,3.810196816,3.668841928
11/1/2017,2.29324573,1.677452623,1.66221028,1.558262657,1.400471531,1.291337032,2.649684281,3.574218075,3.633163145,3.770440871,3.621053979
12/1/2017,2.174010339,1.572427475,1.508720503,1.400596394,1.322255161,1.130555419,2.431348489,3.488911194,3.506980159,3.798690075,3.550683549
1/1/2018,2.157707225,1.497335283,1.397259602,1.361373421,1.331530836,1.124344662,2.291806715,3.26526006,3.303827225,3.805228642,3.5194843
2/1/2018,2.099548458,1.412241178,1.367015579,1.349939336,1.374672644,1.154625418,2.29102585,3.304091067,3.471313969,3.836030922,3.495985953
3/1/2018,2.101344262,1.409264317,1.341098131,1.265990123,1.421974374,1.162926356,2.213442876,3.371112565,3.531345308,3.888462753,3.501003945
4/1/2018,2.134107509,1.461722935,1.356150085,1.323409956,1.636194015,1.383545326,2.334014391,3.474646077,3.597408872,3.902051805,3.527128614
5/1/2018,2.179375197,1.669195297,1.414130083,1.392812032,1.583271658,1.435489191,2.618316455,3.632346034,3.830506699,3.881591921,3.560036108
6/1/2018,2.241137937,1.936510128,1.554232015,1.80804662,1.315370514,1.914002099,2.939339465,3.787186254,3.990671362,3.858581161,3.618347212
7/1/2018,2.324540736,2.091809987,1.714790056,1.934952632,1.316918701,2.145954908,3.153273234,3.842681292,4.092517055,3.84604396,3.622727415
8/1/2018,2.382814373,2.172115241,1.91109689,2.085659268,1.185239391,2.024056399,3.149802338,3.874759437,4.070166108,3.828072485,3.644716549
9/1/2018,2.364646438,2.195654157,1.963718553,2.042300816,1.301051062,1.875162589,3.022740232,3.85259516,3.991134282,3.799514845,3.661083057
10/1/2018,2.336637834,2.024831524,1.813512243,1.929087339,1.01537169,1.620567166,2.827371234,3.740792489,3.900857354,3.759321353,3.651507576
11/1/2018,2.288773744,1.757445059,1.656930507,1.597188729,1.29939675,1.318333491,2.547836575,3.598894638,3.594669111,3.733975478,3.612358191
12/1/2018,2.193230885,1.608918641,1.516274923,1.386951392,1.253624878,1.122617166,2.304180222,3.458332361,3.353469124,3.746480494,3.563075597
1/1/2019,2.131033433,1.51715195,1.378949229,1.352780659,1.303215049,1.113444255,2.234653164,3.39614769,3.314764496,3.746113684,3.531859462
2/1/2019,2.083798525,1.450718826,1.347543917,1.340732268,1.345659943,1.136893938,2.16510246,3.339303914,3.325662003,3.783301213,3.495960052
3/1/2019,2.074724058,1.444602921,1.329684359,1.285095262,1.372825728,1.160254225,2.194007087,3.378833447,3.373441646,3.809496989,3.518405176
4/1/2019,2.126180161,1.497019094,1.345889549,1.32115909,1.526643799,1.29881138,2.39780913,3.508073777,3.481222699,3.855376378,3.567878545
5/1/2019,2.15251318,1.742385045,1.454874005,1.498576262,1.478031954,1.393145834,2.660129553,3.730371483,3.725214926,3.865902528,3.608515089
6/1/2019,2.235125529,1.979177786,1.615365469,2.021294693,1.338226969,2.085794339,2.86908051,3.791527857,3.91565057,3.862467343,3.661122743
7/1/2019,2.351560356,2.229111455,1.752380481,2.047069158,1.804452346,2.31933942,3.160815192,3.892930859,3.989516827,3.844030579,3.693432725
8/1/2019,2.419479989,2.34962318,1.968047128,2.152812919,1.70945454,2.136203205,3.126446094,3.874965155,4.037427554,3.808354307,3.701496163
9/1/2019,2.457639988,2.211184369,1.913844211,2.061318241,1.352042518,1.975613586,2.996384923,3.791607703,3.979058881,3.806812274,3.702003591
10/1/2019,2.285509133,1.939310927,1.786123846,1.842398561,1.204998216,1.63699136,2.861347871,3.708861289,3.861878963,3.75857385,3.678145645
11/1/2019,2.208545507,1.709892106,1.640634976,1.601555611,1.454451751,1.290444732,2.622999545,3.601492218,3.499852886,3.709281595,3.620865699
12/1/2019,2.130055972,1.583749323,1.506549326,1.404063063,1.28553868,1.171928957,2.384563963,3.478092125,3.268911474,3.730388864,3.558111792
1/1/2020,2.050356582,1.458247321,1.36029684,1.3237486,1.35808176,1.185459058,2.280544419,3.391117195,3.361643594,3.724846976,3.51760713
2/1/2020,2.020321863,1.384999357,1.345872358,1.324225614,1.365638285,1.249994446,2.259647533,3.402950348,3.312012184,3.781947014,3.481745839
3/1/2020,2.019942276,1.335418416,1.30399913,1.215905192,1.432874117,1.265294127,2.24601357,3.347657459,3.406250336,3.811472437,3.488338381
4/1/2020,2.068340687,1.409343657,1.363484478,1.299695193,1.572391257,1.429183944,2.33402837,3.522947664,3.574897586,3.881444936,3.524446731
5/1/2020,2.201685417,1.663035784,1.451481581,1.470494762,1.558260195,1.388166017,2.480294611,3.616197216,3.665845071,3.898159668,3.571913311
6/1/2020,2.251756217,1.94825381,1.605789254,1.990969716,1.359614066,1.963698038,2.826534777,3.688526288,3.776212917,3.912924633,3.647515708
7/1/2020,2.275268052,2.132360177,1.749462183,1.972915826,1.457258394,2.145343091,3.137445733,3.867834606,3.926983276,3.891604973,3.650093976
8/1/2020,2.350348493,2.237175301,1.845132513,2.086529407,1.476841773,2.060442029,3.147586051,3.902439839,3.976644025,3.810000277,3.655953938
9/1/2020,2.395252706,2.135161703,1.872723343,1.995166002,1.212720217,1.827754786,3.036279089,3.853375285,3.830009154,3.830205286,3.67281265
10/1/2020,2.376080111,1.903276383,1.775177794,1.814146232,0.982054182,1.603182411,2.884501929,3.70832053,3.677021525,3.767413202,3.636541375
11/1/2020,2.202777575,1.660312426,1.63403857,1.555698531,1.351850167,1.416657042,2.697357266,3.578592436,3.513926284,3.678287629,3.577525984
12/1/2020,2.095395399,1.520733582,1.476495433,1.378687263,1.317404287,1.275865949,2.470148382,3.460427699,3.311169653,3.698072083,3.543196171
1/1/2021,2.008310301,1.457891402,1.345964602,1.33294139,1.287808697,1.233851454,2.32002362,3.358464519,3.221886484,3.717612839,3.500595805
2/1/2021,1.956293557,1.384791658,1.320876862,1.320458438,1.317839181,1.270869882,2.216700379,3.30104103,3.239857537,3.787038721,3.461020361
3/1/2021,1.916578203,1.346195513,1.292697273,1.204132352,1.368087716,1.323755494,2.276321456,3.324320127,3.328600949,3.815795744,3.468650897
4/1/2021,1.960416903,1.385211427,1.326470721,1.26557346,1.525722474,1.463511861,2.427085665,3.458878339,3.431030611,3.85228293,3.501279344
5/1/2021,2.015212744,1.584197662,1.418632109,1.384589624,1.49541185,1.395764954,2.668884253,3.574788922,3.586906044,3.856980978,3.570610386
6/1/2021,2.158735268,1.858077356,1.602498034,1.925014372,1.318733824,1.805463809,3.007121805,3.62629531,3.773457452,3.840738467,3.630459156
7/1/2021,2.239080963,2.127061782,1.77884571,1.969761165,1.22901209,2.010653693,3.109338732,3.762192099,3.822652537,3.790374058,3.629958694
8/1/2021,2.325435902,2.253063599,1.952596974,2.136141375,1.329633646,1.914356102,3.150330717,3.846739992,3.98059899,3.745534788,3.640360699
9/1/2021,2.310558778,2.132776871,1.943332614,2.073307987,1.238725299,1.704747944,3.056327318,3.804132864,3.8412296,3.7873479,3.656511007
10/1/2021,2.241090152,1.804508724,1.743206047,1.777621877,1.012032287,1.503915983,2.932073929,3.71774905,3.762478326,3.745309947,3.617510011
11/1/2021,2.170637786,1.560858373,1.603774694,1.475941043,1.233867497,1.277629106,2.671676209,3.554008874,3.473140642,3.716886544,3.607856361
12/1/2021,2.060119736,1.423173387,1.489281414,1.335002406,1.260093982,1.136232256,2.461537546,3.476190258,3.353294947,3.743778592,3.521557065
1/1/2022,1.978737895,1.355018159,1.412376286,1.305786829,1.172496446,1.114686774,2.369727044,3.449147844,3.34690499,3.756292997,3.497153664
2/1/2022,1.974136755,1.321240889,1.382645429,1.311464179,1.210937353,1.193990892,2.301800943,3.274821502,3.251384515,3.792424649,3.476007961
3/1/2022,1.974851443,1.31036235,1.327224801,1.220134628,1.228639533,1.252177604,2.33073776,3.376026396,3.331875907,3.815044024,3.487868612
4/1/2022,1.975364079,1.383147637,1.339613528,1.251051307,1.369640318,1.464212475,2.424623413,3.42336844,3.448628776,3.823900555,3.492580023
5/1/2022,2.017852021,1.595725581,1.463633475,1.382626452,1.332842461,1.412973612,2.629383334,3.558996366,3.675249757,3.789278787,3.566092208
6/1/2022,2.150611081,1.937093184,1.608776186,1.893919206,1.233241484,1.949829288,2.967365637,3.703891978,3.803606683,3.797440056,3.647314018
7/1/2022,2.249360866,2.121613891,1.781111816,1.948573912,1.445534106,2.136777885,3.152643475,3.843443249,3.934393294,3.746681344,3.64147006
8/1/2022,2.367635546,2.214992614,1.925757594,2.008089548,1.347526533,1.948361167,3.191466602,3.865501648,3.932454815,3.728084878,3.655286337
9/1/2022,2.40488866,2.133677696,1.907682435,1.949683762,1.151489839,1.801841744,3.075486896,3.819680081,3.819506598,3.733326971,3.666435807
10/1/2022,2.324008127,1.916583043,1.781647838,1.735151438,0.941876576,1.546981215,2.797909733,3.618035614,3.573587091,3.673297128,3.630683222
11/1/2022,2.156956238,1.593622312,1.623157085,1.462009325,1.232954421,1.268706468,2.754755618,3.56239133,3.45107388,3.571665369,3.596743263
12/1/2022,2.043748744,1.469293297,1.556851771,1.370014301,1.190043001,1.193088041,2.50857447,3.442140325,3.339784838,3.617639857,3.531561112
1/1/2023,2.015149047,1.410774384,1.429887817,1.357573971,1.175656971,1.149960502,2.324174876,3.381453115,3.319899002,3.688668872,3.498013279
2/1/2023,1.946187461,1.375488763,1.351115111,1.295999372,1.203022099,1.208598813,2.282290981,3.378966931,3.339022039,3.720947749,3.461466329
3/1/2023,1.900100475,1.342070733,1.317082804,1.228493781,1.21627135,1.232780332,2.241553324,3.386827569,3.458529321,3.77522206,3.452427289
4/1/2023,1.904474004,1.381645788,1.343868357,1.258143814,1.406597553,1.38471245,2.326833281,3.484509421,3.525910254,3.845604388,3.50262724
5/1/2023,2.077527983,1.547014632,1.416271197,1.332668893,1.344688615,1.395579055,2.560949989,3.516528921,3.637643961,3.878685115,3.548438664
6/1/2023,2.161459631,1.829233016,1.588282273,1.786221498,1.168848618,1.718155876,3.01071532,3.614463027,3.787614179,3.870698133,3.625737824
7/1/2023,2.211138122,2.083658787,1.776325023,1.931808817,1.302909172,2.028062225,3.430015644,3.85595694,3.992516162,3.866336845,3.649514423
8/1/2023,2.383065327,2.220588646,1.916188716,2.040499261,1.551924533,1.961017039,3.150192387,3.853775284,4.074786041,3.847809775,3.686489735
9/1/2023,2.385824235,2.088681939,1.931990694,1.978500424,1.222645504,1.721798337,3.037340042,3.789812394,3.926204864,3.86844435,3.696343023
10/1/2023,2.308814601,1.869774096,1.792063493,1.781121804,1.059340275,1.513828043,2.79545782,3.64519947,3.716158506,3.853100216,3.707353053
11/1/2023,2.248204717,1.673650758,1.652022601,1.545714317,1.181273546,1.300981201,2.586607696,3.548203002,3.50082084,3.750480666,3.671496513
12/1/2023,2.172624756,1.521887519,1.505906959,1.348285311,1.178398241,1.162304683,2.367845447,3.421940533,3.346694083,3.728553488,3.604282469
